{"cameraMode":{"drawMode":0,"name":"Shaded","section":"Shading Mode"},"sceneLighting":false,"audioPlay":false,"sceneViewState":{"m_AlwaysRefresh":false,"showFog":true,"showSkybox":false,"showFlares":true,"showImageEffects":true,"showParticleSystems":true,"showVisualEffectGraphs":true,"m_FxEnabled":true},"in2DMode":false,"pivot":{"x":0.014470442198216915,"y":-0.2723299562931061,"z":-0.7755851149559021},"rotation":{"x":-0.06204860657453537,"y":0.8507237434387207,"z":-0.10275420546531677,"w":-0.5120402574539185},"size":1.1943358182907105,"orthographic":false}