{"cameraMode":{"drawMode":0,"name":"Shaded","section":"Shading Mode"},"sceneLighting":true,"audioPlay":false,"sceneViewState":{"m_AlwaysRefresh":false,"showFog":true,"showSkybox":true,"showFlares":true,"showImageEffects":true,"showParticleSystems":true,"showVisualEffectGraphs":true,"m_FxEnabled":true},"in2DMode":false,"pivot":{"x":-154.94137573242188,"y":136.2974395751953,"z":-246.35401916503907},"rotation":{"x":0.3384382724761963,"y":-0.020915133878588678,"z":0.00740720983594656,"w":0.9408282041549683},"size":15.443647384643555,"orthographic":false}