{"cameraMode":{"drawMode":0,"name":"Shaded","section":"Shading Mode"},"sceneLighting":true,"audioPlay":false,"sceneViewState":{"m_AlwaysRefresh":false,"showFog":true,"showSkybox":true,"showFlares":true,"showImageEffects":true,"showParticleSystems":true,"showVisualEffectGraphs":true,"m_FxEnabled":true},"in2DMode":false,"pivot":{"x":-26.414566040039064,"y":189.3473663330078,"z":-629.3823852539063},"rotation":{"x":0.1556820124387741,"y":0.01216413825750351,"z":-0.0020245478954166176,"w":0.9878855347633362},"size":18.416837692260743,"orthographic":false}