{"cameraMode":{"drawMode":0,"name":"Shaded","section":"Shading Mode"},"sceneLighting":true,"audioPlay":false,"sceneViewState":{"m_AlwaysRefresh":false,"showFog":true,"showSkybox":true,"showFlares":true,"showImageEffects":true,"showParticleSystems":true,"showVisualEffectGraphs":true,"m_FxEnabled":true},"in2DMode":false,"pivot":{"x":-247.36895751953126,"y":185.62222290039063,"z":234.77606201171876},"rotation":{"x":0.28358501195907595,"y":-0.6699025630950928,"z":0.31033968925476076,"w":0.612220823764801},"size":8.214601516723633,"orthographic":false}