{"cameraMode":{"drawMode":0,"name":"Shaded","section":"Shading Mode"},"sceneLighting":true,"audioPlay":false,"sceneViewState":{"m_AlwaysRefresh":false,"showFog":true,"showSkybox":true,"showFlares":true,"showImageEffects":true,"showParticleSystems":true,"showVisualEffectGraphs":true,"m_FxEnabled":true},"in2DMode":false,"pivot":{"x":-67.01343536376953,"y":28.367401123046876,"z":-113.61360168457031},"rotation":{"x":-0.00924471952021122,"y":-0.9660472273826599,"z":0.03448953106999397,"w":-0.2567996680736542},"size":63.250858306884769,"orthographic":false}