{"cameraMode":{"drawMode":0,"name":"Shaded","section":"Shading Mode"},"sceneLighting":true,"audioPlay":false,"sceneViewState":{"m_AlwaysRefresh":false,"showFog":true,"showSkybox":true,"showFlares":true,"showImageEffects":true,"showParticleSystems":true,"showVisualEffectGraphs":true,"m_FxEnabled":true},"in2DMode":false,"pivot":{"x":-242.5045166015625,"y":15.382111549377442,"z":268.1673583984375},"rotation":{"x":0.20244978368282319,"y":-0.06458213925361633,"z":0.013382351025938988,"w":0.9770686626434326},"size":121.78620147705078,"orthographic":false}